-- phpMyAdmin SQL Dump
-- version 5.1.3
-- https://www.phpmyadmin.net/
--
-- Host: 127.0.0.1
-- Waktu pembuatan: 16 Bulan Mei 2022 pada 05.50
-- Versi server: 10.4.24-MariaDB
-- Versi PHP: 7.4.28

SET SQL_MODE = "NO_AUTO_VALUE_ON_ZERO";
START TRANSACTION;
SET time_zone = "+00:00";


/*!40101 SET @OLD_CHARACTER_SET_CLIENT=@@CHARACTER_SET_CLIENT */;
/*!40101 SET @OLD_CHARACTER_SET_RESULTS=@@CHARACTER_SET_RESULTS */;
/*!40101 SET @OLD_COLLATION_CONNECTION=@@COLLATION_CONNECTION */;
/*!40101 SET NAMES utf8mb4 */;

--
-- Database: `pelayanan_publik`
--

-- --------------------------------------------------------

--
-- Struktur dari tabel `bangunan`
--

CREATE TABLE `bangunan` (
  `bangunan_id` int(11) NOT NULL,
  `bangunan_nama` varchar(255) NOT NULL,
  `bangunan_lat` varchar(255) NOT NULL,
  `bangunan_long` varchar(255) NOT NULL,
  `keterangan` varchar(255) NOT NULL,
  `gambar` varchar(100) NOT NULL
) ENGINE=InnoDB DEFAULT CHARSET=utf8mb4;

--
-- Dumping data untuk tabel `bangunan`
--

INSERT INTO `bangunan` (`bangunan_id`, `bangunan_nama`, `bangunan_lat`, `bangunan_long`, `keterangan`, `gambar`) VALUES
(2, 'Marker 1', '-6.590732', ' 106.807108', 'Babakan', 'rules.jpg'),
(3, 'santosa', '-6.916172908336449', ' 107.6014520582415', 'rumah sakit', 'green-tea2.png'),
(4, 'rumah sakit', '-41.297993', '174.796085', 'tes', 'Cara-Custom-Dashbord-Wordpress.jpg');

-- --------------------------------------------------------

--
-- Struktur dari tabel `bangunan_polygon`
--

CREATE TABLE `bangunan_polygon` (
  `id_polygon` int(11) NOT NULL,
  `name_polygon` varchar(255) NOT NULL,
  `coordinates` text NOT NULL,
  `information` varchar(255) NOT NULL,
  `photo` varchar(255) NOT NULL
) ENGINE=InnoDB DEFAULT CHARSET=utf8mb4;

--
-- Dumping data untuk tabel `bangunan_polygon`
--

INSERT INTO `bangunan_polygon` (`id_polygon`, `name_polygon`, `coordinates`, `information`, `photo`) VALUES
(1, 'Cicalengka', '[[107.871666,-7.010481],[107.873898,-7.012185],[107.893639,-6.994721],[107.891665,-6.979046],[107.8866,-6.975212],[107.912693,-6.966437],[107.912779,-6.964988],[107.90102,-6.963284],[107.904711,-6.955616],[107.912092,-6.955105],[107.91441,-6.950334],[107.908058,-6.947267],[107.904453,-6.947522],[107.89072,-6.945478],[107.88866,-6.946585],[107.888145,-6.950675],[107.883768,-6.950675],[107.882481,-6.952805],[107.876215,-6.951016],[107.873812,-6.951697],[107.855015,-6.957065],[107.827377,-6.966522],[107.831497,-6.9701],[107.812529,-6.973252],[107.802401,-6.982794],[107.801886,-6.992847],[107.810469,-6.990121],[107.820854,-6.994806],[107.832956,-7.00784],[107.871666,-7.010481]]', 'Cicalengka', 'ezgif_com-gif-maker_(3).gif'),
(3, 'cilengkrang', '[[107.722321,-6.899363],[107.731247,-6.902771],[107.750473,-6.900045],[107.753563,-6.900045],[107.753906,-6.919131],[107.759056,-6.917086],[107.767639,-6.874822],[107.800255,-6.8271],[107.713394,-6.862892],[107.715454,-6.875163],[107.710648,-6.883343],[107.712708,-6.89016],[107.703438,-6.898341],[107.712708,-6.90618],[107.722321,-6.899363]]', 'Kecamatan Cilengkrang', 'cilengkrang.JPG'),
(5, 'banjaran', '[[107.579155,-7.048354],[107.567139,-7.041199],[107.57761,-7.040688],[107.583103,-7.030977],[107.584305,-7.022458],[107.589455,-7.022629],[107.591858,-7.022458],[107.591515,-7.044095],[107.592201,-7.040517],[107.599068,-7.041199],[107.597008,-7.045288],[107.595119,-7.048695],[107.619839,-7.07493],[107.609539,-7.080587],[107.593918,-7.07275],[107.587566,-7.072665],[107.582159,-7.080587],[107.554178,-7.067299],[107.559757,-7.056992],[107.557354,-7.05367],[107.558126,-7.053074],[107.559671,-7.053329],[107.560787,-7.050518],[107.567911,-7.049752],[107.571602,-7.051541],[107.572203,-7.048644],[107.57349,-7.04873],[107.575636,-7.049411],[107.579155,-7.048354]]', 'Daerah Banjaran', 'Screenshot_33.png'),
(6, 'Cangkuang', '[[107.568169,-7.044266],[107.56731,-7.042392],[107.556324,-7.040517],[107.545853,-7.035236],[107.540531,-7.037621],[107.533836,-7.05108],[107.520103,-7.075441],[107.524223,-7.082937],[107.536068,-7.071012],[107.548771,-7.078848],[107.543793,-7.085833],[107.568169,-7.044266]]', 'Daerah cangkuang', 'cangkuang.png'),
(7, 'Cileunyi', '[[107.761116,-6.938217],[107.759056,-6.944351],[107.751846,-6.96957],[107.710648,-6.971274],[107.724724,-6.932764],[107.736397,-6.909588],[107.760773,-6.905157],[107.772102,-6.848576],[107.802315,-6.875163],[107.761116,-6.938217]]', 'Kecamatan Cileunyi', 'cileunyi.png'),
(9, 'Baleendah', '[[107.636153,-6.991657],[107.592895,-6.987227],[107.583625,-6.988931],[107.578132,-6.998472],[107.583282,-7.021644],[107.592895,-7.020962],[107.593238,-7.02914],[107.599761,-7.029481],[107.601478,-7.034251],[107.613494,-7.030844],[107.689368,-7.050606],[107.655036,-6.992679],[107.647483,-7.008014],[107.63478,-7.005969],[107.635467,-6.99302],[107.636153,-6.991657]]', 'Kecamatan Baleendah', 'file_1641823139.jpeg'),
(10, 'Cimaung', '[[107.603878,-7.078476],[107.586883,-7.072854],[107.582248,-7.081372],[107.554267,-7.067743],[107.548603,-7.103517],[107.528175,-7.13537],[107.551006,-7.147123],[107.571434,-7.1151],[107.612632,-7.157172],[107.615207,-7.153936],[107.61761,-7.142865],[107.614349,-7.1151],[107.603878,-7.078476]]', 'Kecamatan Cimaung', 'alamat-jne-cimaung.jpg'),
(11, 'Cimenyan', '[[107.703445,-6.898191],[107.698981,-6.894442],[107.699668,-6.888989],[107.695548,-6.888648],[107.694518,-6.883876],[107.666366,-6.880808],[107.653663,-6.896146],[107.645423,-6.892056],[107.656753,-6.863084],[107.648513,-6.862402],[107.639586,-6.893761],[107.623107,-6.879104],[107.625167,-6.869901],[107.63993,-6.863766],[107.62345,-6.848427],[107.6286,-6.832064],[107.663619,-6.809565],[107.717521,-6.819792],[107.737777,-6.844336],[107.73606,-6.852176],[107.712371,-6.863084],[107.713744,-6.878082],[107.712371,-6.890352],[107.703445,-6.898191]]', 'Kecamatan Cimenyan', 'cimenyan1.jpg'),
(13, 'Ciwidey', '[[107.471702,-7.078886],[107.460029,-7.079908],[107.469298,-7.10546],[107.416427,-7.136121],[107.419517,-7.120109],[107.371795,-7.144637],[107.368705,-7.120109],[107.393081,-7.123175],[107.412993,-7.111592],[107.420547,-7.102053],[107.407844,-7.08604],[107.416083,-7.073434],[107.391021,-7.058784],[107.40338,-7.029822],[107.42192,-7.034933],[107.426726,-7.02437],[107.433936,-7.027777],[107.431533,-7.04277],[107.449386,-7.046177],[107.447669,-7.049925],[107.437026,-7.051628],[107.473762,-7.058102],[107.463462,-7.068664],[107.471702,-7.078886]]', 'Kecamatan Ciwidey', '1287155158.jpg'),
(14, 'Dayeuhkolot', '[[107.589885,-6.963439],[107.588083,-6.969658],[107.58877,-6.975366],[107.589027,-6.981585],[107.591345,-6.982778],[107.598211,-6.978604],[107.599327,-6.982608],[107.615291,-6.976048],[107.618124,-6.981926],[107.619411,-6.988571],[107.631428,-6.990616],[107.63014,-6.982778],[107.633831,-6.978178],[107.633487,-6.973833],[107.637607,-6.965739],[107.623016,-6.964035],[107.614004,-6.961053],[107.589885,-6.963439]]', 'Kecamatan Dayeuhkolot', 'Kantor-Desa-Dayeuhkolot.jpg'),
(17, 'Kertasari', '[[107.701728,-7.17223],[107.693145,-7.200161],[107.674605,-7.252953],[107.673232,-7.334343],[107.685248,-7.348645],[107.72885,-7.360222],[107.750136,-7.334003],[107.773826,-7.292458],[107.762839,-7.247163],[107.75048,-7.196755],[107.714088,-7.163032],[107.701728,-7.17223]]', 'Kecamatan Kertasari', 'downloassd.jpg'),
(18, 'Kutawaringin', '[[107.535041,-6.939788],[107.536071,-6.960747],[107.540191,-6.970971],[107.546028,-6.974549],[107.553237,-6.98818],[107.531093,-7.006922],[107.501739,-7.032989],[107.476161,-7.046619],[107.466892,-7.01936],[107.458652,-6.98801],[107.47599,-6.985283],[107.488349,-6.971993],[107.497104,-6.965007],[107.500022,-6.957169],[107.510665,-6.958873],[107.535041,-6.939788]]', 'Kec Kutawaringin', 'DESA__sid__0WIf1Am.jpg'),
(19, 'Majalaya', '[[107.746013,-7.045937],[107.732452,-7.017315],[107.766269,-7.031967],[107.766269,-7.041337],[107.769187,-7.039123],[107.769187,-7.035545],[107.776397,-7.036056],[107.776912,-7.026345],[107.781375,-7.026686],[107.785152,-7.052411],[107.778972,-7.05667],[107.773994,-7.076602],[107.764553,-7.077454],[107.761463,-7.074558],[107.755283,-7.098066],[107.730392,-7.096192],[107.736743,-7.091934],[107.720092,-7.059737],[107.746013,-7.045937]]', 'Kecamatan Majalaya', 'art-krg_0.jpg'),
(21, 'Margaasih', '[[107.538475,-6.919339],[107.543624,-6.919339],[107.545341,-6.929052],[107.548946,-6.933994],[107.549461,-6.942003],[107.554611,-6.941321],[107.561477,-6.951716],[107.552379,-6.97949],[107.539333,-6.968926],[107.545341,-6.959554],[107.53693,-6.9449],[107.53075,-6.939106],[107.526802,-6.932972],[107.531093,-6.925303],[107.5359,-6.927519],[107.538475,-6.919339]]', 'Kecamatan Margaasih', 'desa3__sid__F0Gs6QM.jpg'),
(22, 'Margahayu', '[[107.561821,-6.951886],[107.552379,-6.978979],[107.562507,-6.985283],[107.558044,-6.991928],[107.565082,-6.990225],[107.56903,-6.99244],[107.572807,-6.989884],[107.577957,-6.995847],[107.581218,-6.987328],[107.588771,-6.984261],[107.589286,-6.962792],[107.57727,-6.960065],[107.561821,-6.951886]]', 'Kecamagtan Margahayu', 'ZPPHO_99274512_R800X800.jpg'),
(23, 'Nagreg', '[[107.876479,-7.012443],[107.893645,-6.995405],[107.912528,-6.995065],[107.914245,-7.007332],[107.949264,-6.987908],[107.955443,-7.010058],[107.935187,-7.022325],[107.94377,-7.035614],[107.94686,-7.046518],[107.922141,-7.044473],[107.909438,-7.059124],[107.893989,-7.06185],[107.924888,-7.095239],[107.889182,-7.118747],[107.857596,-7.092173],[107.868583,-7.076501],[107.83425,-7.006991],[107.876479,-7.012443]]', 'Kecamatan Nagreg', '420551_620.jpg'),
(25, 'Pangalengan', '[[107.556156,-7.121573],[107.564052,-7.132815],[107.575897,-7.124299],[107.612289,-7.157002],[107.627738,-7.160749],[107.624477,-7.186637],[107.619842,-7.214227],[107.621044,-7.242496],[107.608169,-7.26259],[107.568,-7.232619],[107.548431,-7.235855],[107.526802,-7.196686],[107.542251,-7.179995],[107.550491,-7.151211],[107.556156,-7.121573]]', 'Kecamatan Pangalengan', 'Pangalengan.jpg'),
(26, 'Pangalengan', '[[107.556156,-7.121573],[107.564052,-7.132815],[107.575897,-7.124299],[107.612289,-7.157002],[107.627738,-7.160749],[107.624477,-7.186637],[107.619842,-7.214227],[107.621044,-7.242496],[107.608169,-7.26259],[107.568,-7.232619],[107.548431,-7.235855],[107.526802,-7.196686],[107.542251,-7.179995],[107.550491,-7.151211],[107.556156,-7.121573]]', 'Kecamatan Pangalengan', 'Pangalengan1.jpg'),
(27, 'Paseh', '[[107.755973,-6.988931],[107.795455,-6.987227],[107.788245,-7.029481],[107.838027,-7.067302],[107.84249,-7.103416],[107.865493,-7.112955],[107.871673,-7.148384],[107.854507,-7.168823],[107.839057,-7.193689],[107.816054,-7.151791],[107.780692,-7.105801],[107.782065,-7.072072],[107.793052,-7.040725],[107.784469,-7.059124],[107.755973,-6.988931]]', 'Kecamatan Paseh', 'vJcCQQhk_400x400.jpg'),
(28, 'Soreang', '[[107.48217,-7.074728],[107.488521,-7.084097],[107.498477,-7.075069],[107.524398,-7.082394],[107.546543,-7.033841],[107.538646,-7.026686],[107.543281,-7.030093],[107.534355,-7.006241],[107.496246,-7.037419],[107.475303,-7.046959],[107.464317,-7.059566],[107.469467,-7.073195],[107.48217,-7.074728]]', 'Kecamatan Soreang', 'soreang.jpg'),
(29, 'Pasirjambu', '[[107.501224,-7.071662],[107.472213,-7.075239],[107.460884,-7.08052],[107.467922,-7.10505],[107.479423,-7.127876],[107.470668,-7.170628],[107.484745,-7.18272],[107.495044,-7.201795],[107.500881,-7.203839],[107.507919,-7.197537],[107.532466,-7.213716],[107.525257,-7.194812],[107.542766,-7.180506],[107.546199,-7.16126],[107.549804,-7.146271],[107.528003,-7.131453],[107.53899,-7.113227],[107.549118,-7.098407],[107.551521,-7.073365],[107.53487,-7.075069],[107.518562,-7.084438],[107.500881,-7.072513],[107.501224,-7.071662]]', 'Kecamatan Pasirjambu', 'maxresdefault_(1).jpg'),
(30, 'Rancabali', '[[107.411963,-7.126241],[107.354629,-7.15145],[107.351195,-7.177339],[107.363898,-7.207654],[107.358748,-7.215148],[107.398231,-7.234562],[107.437713,-7.222982],[107.454192,-7.17768],[107.442176,-7.140209],[107.458312,-7.131692],[107.446296,-7.122494],[107.411963,-7.126241]]', 'Kecamatan Rancabali', '1200px-Kebun_Teh_Rancabali.jpg'),
(32, 'Solokan jeruk', '[[107.767303,-7.036296],[107.7546,-6.995405],[107.732627,-6.971892],[107.678382,-6.969166],[107.678382,-6.985182],[107.667052,-7.007673],[107.674605,-7.021303],[107.727134,-7.019599],[107.767303,-7.036296]]', 'Kecamatan Solokanjeruk', 'alamat-jne-solokanjeruk_(1).jpg'),
(34, 'Cikancung', '[[107.794418,-6.993084],[107.787895,-7.028522],[107.83802,-7.067365],[107.840767,-7.086104],[107.857933,-7.089852],[107.867546,-7.075883],[107.83493,-7.0091],[107.830811,-7.007396],[107.818794,-6.995128],[107.809868,-6.990698],[107.801285,-6.994447],[107.801628,-6.988654],[107.796822,-6.99581],[107.794418,-6.993084]]', 'Kecamatan Cikancung', 'kecil_qLStWH_IMG_20210126_081112.jpg'),
(35, 'Ibun', '[[107.782402,-7.057144],[107.784462,-7.061914],[107.780342,-7.104502],[107.819824,-7.161052],[107.800941,-7.184897],[107.75219,-7.200565],[107.750816,-7.196137],[107.713394,-7.164799],[107.718544,-7.14436],[107.714767,-7.10348],[107.730217,-7.095644],[107.75528,-7.097688],[107.762146,-7.075202],[107.775192,-7.076565],[107.782402,-7.057144]]', 'Kecamatan Ibun', 'ibun.png'),
(36, 'Ciparay', '[[107.673569,-7.02273],[107.691078,-7.052715],[107.683525,-7.049648],[107.692108,-7.080312],[107.680435,-7.104502],[107.702065,-7.116085],[107.715454,-7.11881],[107.714081,-7.102798],[107.736397,-7.092237],[107.718887,-7.059529],[107.74498,-7.045559],[107.735023,-7.023752],[107.72644,-7.020345],[107.673569,-7.02273]]', 'Kecamatan Ciparay', 'R.jpg'),
(38, 'Arjasari', '[[107.595291,-7.03193],[107.595291,-7.039085],[107.600441,-7.041811],[107.595978,-7.049648],[107.619667,-7.075202],[107.612114,-7.081335],[107.605591,-7.079631],[107.61795,-7.143338],[107.617264,-7.155943],[107.633057,-7.15969],[107.630997,-7.168546],[107.638893,-7.161393],[107.64473,-7.160371],[107.646446,-7.1338],[107.680092,-7.099732],[107.690048,-7.079631],[107.680779,-7.048285],[107.613144,-7.032271],[107.600441,-7.034996],[107.595291,-7.03193]]', 'Kecamatan Arjasari', 'arjasari.png'),
(39, 'Katapang', '[[107.550488,-6.979692],[107.560787,-6.985826],[107.557354,-6.993153],[107.565079,-6.991449],[107.56834,-6.993494],[107.572289,-6.99179],[107.57761,-6.99639],[107.582932,-7.022117],[107.58276,-7.031318],[107.57658,-7.040688],[107.562504,-7.041369],[107.546196,-7.035577],[107.546539,-7.032681],[107.543793,-7.030636],[107.535038,-7.005761],[107.554092,-6.987701],[107.550488,-6.979692]]', 'Kecamatan Katapang', 'ambulans-antre-rusunawa.jpg'),
(40, 'Rancaekek', '[[107.760086,-6.949123],[107.787895,-6.961732],[107.826347,-6.966503],[107.827034,-6.96957],[107.811584,-6.971956],[107.802315,-6.982861],[107.797852,-6.994106],[107.794762,-6.992062],[107.795448,-6.985928],[107.754593,-6.988995],[107.748756,-6.990017],[107.721977,-6.973319],[107.751846,-6.970593],[107.760086,-6.949123]]', 'Kecamatan Rancaekek', '31087065_jxuZhSfCRwKh4D0Sbm-QOLBqi4nH_6THm174ohez6Qc.jpg'),
(41, 'Kecamatan Bojongsoang', '[[107.635202,-7.00554],[107.64739,-7.0075],[107.654858,-6.99191],[107.664814,-7.008692],[107.667732,-7.005455],[107.67374,-6.993443],[107.677946,-6.984583],[107.678032,-6.969504],[107.662411,-6.967765],[107.63855,-6.966232],[107.633572,-6.973218],[107.633743,-6.978159],[107.630482,-6.9831],[107.631512,-6.990597],[107.635632,-6.99162],[107.635202,-7.00554]]', 'Kecamatan Bojongsoang', 'kantor_kecamatan_bojong_soang.png');

-- --------------------------------------------------------

--
-- Struktur dari tabel `kategori_lokasi`
--

CREATE TABLE `kategori_lokasi` (
  `id_kategori` int(11) NOT NULL,
  `nama_kategori` varchar(100) NOT NULL
) ENGINE=InnoDB DEFAULT CHARSET=latin1;

--
-- Dumping data untuk tabel `kategori_lokasi`
--

INSERT INTO `kategori_lokasi` (`id_kategori`, `nama_kategori`) VALUES
(1, 'kantor pos'),
(2, 'kantor polisi'),
(4, 'Rumah sakit'),
(5, 'Hotel'),
(6, 'Masjid'),
(7, 'puskesmas'),
(8, 'Terminal'),
(9, 'Stasiun'),
(10, 'Kantor Kecamatan'),
(11, 'Kantor Kepala Desa'),
(13, 'Kantor Sistem Administrasi Daerah');

-- --------------------------------------------------------

--
-- Struktur dari tabel `lokasi`
--

CREATE TABLE `lokasi` (
  `id_tempat` int(11) NOT NULL,
  `nama_tempat` varchar(255) NOT NULL,
  `tempat_lat` varchar(255) NOT NULL,
  `tempat_long` varchar(255) NOT NULL,
  `id_polygon` int(11) NOT NULL,
  `keterangan` varchar(255) NOT NULL,
  `gambar` varchar(200) NOT NULL,
  `id_kategori` int(11) NOT NULL
) ENGINE=InnoDB DEFAULT CHARSET=utf8mb4;

--
-- Dumping data untuk tabel `lokasi`
--

INSERT INTO `lokasi` (`id_tempat`, `nama_tempat`, `tempat_lat`, `tempat_long`, `id_polygon`, `keterangan`, `gambar`, `id_kategori`) VALUES
(12, 'Masjid Babussalam', '-7.008147', '107.629795', 9, 'Masjid Megah Baleendah', 'Kantor-Desa-Dayeuhkolot1.jpg', 6),
(13, 'Masjid Baitul Amal (LDII)', '-7.016665', '107.635975', 5, 'Masjid megah', 'Screenshot_22.png', 6),
(17, 'RSUD Al-Ihsan Bandung', '-7.007512551741971', '107.62297346854552', 9, 'Rumah Sakit', 'Screenshot_3751.png', 4),
(18, 'Klinik Bintari Merdeka', '-7.023230113679112', '107.66487330818987', 9, 'Rumah Sakit', 'Screenshot_3761.png', 4),
(19, 'Lapas Jelekong', '-7.008630614977333', '107.67427688854833', 9, 'Lapas', 'Screenshot_3771.png', 2),
(20, 'Polsek Baleendah', '-7.002241370599316', '107.62440926132967', 9, 'Polsek', 'Screenshot_3781.png', 2),
(21, 'Kantor Kecamatan Baleendah', '-6.998322590745543', '107.62157684876821', 9, 'Kantor Kecamatan', 'Screenshot_3791.png', 10),
(22, 'Stasiun Banjaran', '-7.045175916860864', '107.58673432882617', 5, 'Stasiun', 'Screenshot_380.png', 9),
(23, 'Kantor Desa Ciapus', '-7.059203288008105', '107.58827001752543', 5, 'Kantor Desa', 'Screenshot_381.png', 11),
(24, 'Kantor Kepala Desa Banjaran', '-7.048067845145485', '107.58577493151519', 5, 'Kantor Desa', 'Screenshot_382.png', 11),
(25, 'Kantor Kepala Desa Kamasan', '-7.046921774400214', '107.58252706937502', 5, 'Kantor Desa', 'Screenshot_383.png', 11),
(26, 'Kantor Desa Kiangroke', '-7.055015838345274', '107.57004084381391', 5, 'Kantor Desa', 'Screenshot_384.png', 11),
(27, 'Kantor Desa Margahurip', '-7.062966506748952', '107.56289554710553', 5, 'Kantor Desa', 'Screenshot_385.png', 11),
(28, 'Kantor Desa Neglasari', '-7.062966506748952', '107.57097911509885', 5, 'Kantor Desa', 'Screenshot_386.png', 11),
(29, 'Kantor UPT Banjaran', '-7.067908745248454', '107.56329250803377', 5, 'Kantor Desa', 'Screenshot_387.png', 11),
(30, 'Sutan Raja Hotel', '-7.022321681507948', '107.53499784828782', 28, 'Hotel', 'Screenshot_388.png', 5),
(31, 'Soreang Hotel', '-7.013058888839671', '107.5309943953875', 28, 'Hotel', 'Screenshot_389.png', 5),
(32, 'Hotel Antik', '-7.0195817463439685', '107.52393862213435', 28, 'Hotel', 'Screenshot_390.png', 5),
(33, 'Pesona Nirwana Resort', '-7.039603256132794', '107.52676648982674', 28, 'Hotel', 'Screenshot_391.png', 5),
(34, 'Kepolisian Resor Kota', '-7.0355996065155155', '107.5393836004381', 28, 'Hotel', 'Screenshot_392.png', 5),
(35, 'Samsat Soreang', '-7.019925412105773', '107.54213018231587', 28, 'Samsat', 'Screenshot_393.png', 13),
(36, 'TNS Soreang', '-7.006806387073443', '107.53019971715476', 28, 'Kantor Desa', 'Screenshot_394.png', 11),
(37, 'Kantor Desa Bandarsari', '-7.053331590668377', '107.53557529895568', 6, 'Kantor Desa', 'Screenshot_395.png', 11),
(38, 'Kantor Desa Ciluncat', '-7.042923228990116', '107.55169414092032', 6, 'Kantor Desa', 'Screenshot_3961.png', 11),
(39, 'RSUD Cicalengka', '-6.981578368081984', '107.8420821680951', 1, 'Rumah Sakit', 'Screenshot_397.png', 4),
(40, 'Sutan Raja Hotel', '-7.022321681507948', '107.53499784828782', 28, 'Soreang', 'Visi_Misi_Image.jpg', 5),
(41, 'Soreang Hotel', '-7.004617617885464,', '107.53021195132902', 28, 'aa', 'Visi_Misi_Image1.jpg', 5),
(42, 'Polsek Bojong Soang', '-6.9811344190693285', '107.63646802737743', 28, 'Polsek Bojong Soang', 'aas1.png', 2),
(43, 'Kantor Pos Dayeuhkolot', '-6.989320667312006', '107.62701098319748', 14, 'kantor pos', 'w.png', 1),
(44, 'Puskesmas Baleendah', '-7.00643252834794', '107.61358116600167', 9, 'Puskesmas Baleendah', 'Screenshot_30.png', 7),
(45, 'Terminal Baleendah', '-6.999849066483641', '107.63169384086959', 9, 'Terminal Baleendah', 'Screenshot_31.png', 8),
(46, 'Polsek Ciwidey', '-7.099095872524364', '107.46463213783306', 13, 'Kantor Polisi Ciwidey', 'b1.png', 2),
(47, 'Kantorpos Ciwidey', '-7.103716525885127', '107.46298688092608', 13, 'Kantor Pos Kecamatan Ciwidey', 'b21.png', 1),
(48, 'RSB MAMA NONON', '-7.110062451166612', '107.44094761627743', 13, 'RS Ciwidey', 'b3.png', 4),
(49, 'Polsek Ciparay', '-7.036104590092225', '107.71407846928375', 36, 'Polsek Kecamatan Ciparay', 'Screenshot_34.png', 2),
(50, 'Kantor Pos Arjasari', '-7.040092378155321', '107.60620696898461', 38, 'Kantor Pos Arjasari', 'Screenshot_35.png', 1),
(51, 'Kantor Desa Arjasari', '-7.043478794450482', '107.6371054851603', 38, 'Desa Arjasari', 'Screenshot_36.png', 11),
(52, 'Hotel Ciwidey', '-7.067240499262644', '107.47156604071365', 13, 'Hotel Ciwidey', 'Screenshot_37.png', 5),
(53, 'Rumah Sakit Umum Daerah (RSUD) Majalaya', '-7.049074131076724', '107.77146551203415', 27, 'Rumah sakit', 'Screenshot_38.png', 4),
(54, 'Masjid Agung Majalaya', '-7.048381940706379', '107.76077954170326', 19, 'Masjid Agung', 'Screenshot_39.png', 6),
(55, 'Masjid Al-Muhajirin Kutawaringin', '-7.001878521924665', '107.52404382908136', 18, 'Mesjid', 'Screenshot_1.png', 6),
(56, 'Klinik Bumi Kresna', '-6.9606340604947095', '107.52850680700458', 18, 'rumah sakit', 'Screenshot_23.png', 4),
(57, 'Masjid, Ibun', '-7.100270137827992', '107.76356441018264', 35, 'Masjid', 'Screenshot_3.png', 6),
(58, 'Masjid Besar Paseh', '-7.049212835346844', '107.7773036806042', 27, 'Masjid', 'Screenshot_4.png', 6),
(59, 'Puskesmas Bojongsoang', '-6.967248205169398', '107.63740159668926', 41, 'Puskesmas Terletak di Bojong Soang', 'puskesmas_bs.png', 7);

-- --------------------------------------------------------

--
-- Struktur dari tabel `users`
--

CREATE TABLE `users` (
  `user_id` int(11) NOT NULL,
  `username` varchar(300) NOT NULL,
  `password` varchar(300) NOT NULL,
  `level` varchar(300) NOT NULL,
  `name` varchar(255) NOT NULL,
  `email` varchar(100) NOT NULL
) ENGINE=InnoDB DEFAULT CHARSET=latin1;

--
-- Dumping data untuk tabel `users`
--

INSERT INTO `users` (`user_id`, `username`, `password`, `level`, `name`, `email`) VALUES
(1, 'alvika', 'alvika123', 'admin', '', 'alvikaajiandrianty@gmail.com'),
(2, 'aa', 'aa', 'Admin', '', 'alvikaajiandrianty@gmail.com'),
(3, 'aa', '$2y$10$LCw/iVth3JTRgfCPJ3xZE.TyjqLEPicHJg9a/7AlDPgMAQGz1Buiq', 'Admin', '', 'alvikaajiandrianty@gmail.com'),
(4, 'aa', '$2y$10$X9sdpsAOlMgqZAet.HrzU.sATVMlA97oG63yUVAt8AVLod0dMmQvK', 'Admin', '', 'alvikaajiandrianty@gmail.com'),
(5, 'bb', '$2y$10$/pTEyqlECSSPchVAw28e4evzEMFNhrYxGSLo41ai7itOTMBoGfK4a', 'Admin', '', 'alvika@hsjjs.hsj'),
(6, 'aa', '$2y$10$iGF9lYbaVg7.eIWTEMVtx..o23aYnFBiiUO7mZy85uusX3kQ3UtSa', 'Admin', '', 'alvikaajiandrianty@gmail.com'),
(7, 'aa', '$2y$10$IV4uCfA..jBnIRegyOito.D7jbykRzxejSL/mYIqqy5pTbEe.UPAK', 'User', '', 'aa@s'),
(8, 'admin', '$2y$10$JQmj51bhr0DhK9/HbD1.9.TE/QsUxWO8.6lWuttOgw2MukaW41fRy', 'Admin', '', 'alvikaajiandrianty@gmail.com'),
(11, 'aa', '$2y$10$Y8SV4y0Lmk8ERWrlzFXnKeU5hW7rZNp2Pn1TH/1xEn4MHyVMih5ca', 'User', '', 'alvikaajiandrianty@gmail.com'),
(12, 'aa', '$2y$10$bf6Gvu9ITCQyq6UJSJljhOtfq1xnMNl2Lh87d854BlYtII52GEoci', 'Admin', '', 'alvikaajiandrianty@gmail.com'),
(13, 'galih', '$2y$10$.ZcFe6o9Xq0HnkHZ8c/8duZORdQToM3pQpu7o8Jh6VWFPYdnZkRra', 'Admin', '', 'galih@gmail.com'),
(19, '44', '202cb962ac59075b964b07152d234b70', 'User', '55', ''),
(20, '321', '92fde850d824c2ba9b563cb6fa4078c3', 'User', '3213', '3213'),
(23, '43', '17e62166fc8586dfa4d1bc0e1742c08b', 'Operator', '43', '43'),
(24, 'alvika', '11e01fc6fbe051e7074e594784e44519', 'Operator', 'asdsa@asd.s', 'asdsa@asd.s'),
(25, 'ww', 'ad57484016654da87125db86f4227ea3', 'Operator', 'ww@gmail.com', 'ww@gmail.com'),
(26, 'asep', 'dc855efb0dc7476760afaa1b281665f1', 'Admin', '', 'asep@gmail.com'),
(27, 'alvika', '2f06a87d2b049973067695328b013230', 'Operator', 'alvikaajiandrianty@gmail.com', 'alvikaajiandrianty@gmail.com'),
(28, 'alvika', '0d61ee1f55a14c2fd860c84f822ea0e7', 'Operator', 'alvikaajiandrianty@gmail.com', 'alvikaajiandrianty@gmail.com'),
(29, 'aa', '4124bc0a9335c27f086f24ba207a4912', 'Operator', 'aa', 'aa');

--
-- Indexes for dumped tables
--

--
-- Indeks untuk tabel `bangunan`
--
ALTER TABLE `bangunan`
  ADD PRIMARY KEY (`bangunan_id`);

--
-- Indeks untuk tabel `bangunan_polygon`
--
ALTER TABLE `bangunan_polygon`
  ADD PRIMARY KEY (`id_polygon`);

--
-- Indeks untuk tabel `kategori_lokasi`
--
ALTER TABLE `kategori_lokasi`
  ADD PRIMARY KEY (`id_kategori`);

--
-- Indeks untuk tabel `lokasi`
--
ALTER TABLE `lokasi`
  ADD PRIMARY KEY (`id_tempat`);

--
-- Indeks untuk tabel `users`
--
ALTER TABLE `users`
  ADD PRIMARY KEY (`user_id`);

--
-- AUTO_INCREMENT untuk tabel yang dibuang
--

--
-- AUTO_INCREMENT untuk tabel `bangunan`
--
ALTER TABLE `bangunan`
  MODIFY `bangunan_id` int(11) NOT NULL AUTO_INCREMENT, AUTO_INCREMENT=5;

--
-- AUTO_INCREMENT untuk tabel `bangunan_polygon`
--
ALTER TABLE `bangunan_polygon`
  MODIFY `id_polygon` int(11) NOT NULL AUTO_INCREMENT, AUTO_INCREMENT=42;

--
-- AUTO_INCREMENT untuk tabel `kategori_lokasi`
--
ALTER TABLE `kategori_lokasi`
  MODIFY `id_kategori` int(11) NOT NULL AUTO_INCREMENT, AUTO_INCREMENT=14;

--
-- AUTO_INCREMENT untuk tabel `lokasi`
--
ALTER TABLE `lokasi`
  MODIFY `id_tempat` int(11) NOT NULL AUTO_INCREMENT, AUTO_INCREMENT=60;

--
-- AUTO_INCREMENT untuk tabel `users`
--
ALTER TABLE `users`
  MODIFY `user_id` int(11) NOT NULL AUTO_INCREMENT, AUTO_INCREMENT=30;
COMMIT;

/*!40101 SET CHARACTER_SET_CLIENT=@OLD_CHARACTER_SET_CLIENT */;
/*!40101 SET CHARACTER_SET_RESULTS=@OLD_CHARACTER_SET_RESULTS */;
/*!40101 SET COLLATION_CONNECTION=@OLD_COLLATION_CONNECTION */;
